Episodes,Current Times
1,1683655424.0
2,1683655424.0
3,1683655424.0
4,1683655424.0
5,1683655424.0
6,1683655424.0
7,1683655424.0
8,1683655424.0
9,1683655424.0
10,1683655424.0
11,1683655424.0
12,1683655424.0
13,1683655424.0
14,1683655424.0
15,1683655424.0
16,1683655424.0
17,1683655424.0
18,1683655424.0
19,1683655424.0
20,1683655424.0
21,1683655424.0
22,1683655424.0
23,1683655424.0
24,1683655424.0
25,1683655424.0
26,1683655424.0
27,1683655424.0
28,1683655424.0
29,1683655424.0
30,1683655424.0
31,1683655424.0
32,1683655424.0
33,1683655424.0
34,1683655424.0
35,1683655424.0
36,1683655424.0
37,1683655424.0
38,1683655424.0
39,1683655424.0
40,1683655424.0
41,1683655424.0
42,1683655424.0
43,1683655424.0
44,1683655424.0
45,1683655424.0
46,1683655424.0
47,1683655424.0
48,1683655424.0
49,1683655424.0
50,1683655424.0
51,1683655424.0
52,1683655424.0
53,1683655424.0
54,1683655424.0
55,1683655424.0
56,1683655424.0
57,1683655424.0
58,1683655424.0
59,1683655424.0
60,1683655424.0
61,1683655424.0
62,1683655424.0
63,1683655424.0
64,1683655424.0
65,1683655424.0
66,1683655424.0
67,1683655424.0
68,1683655424.0
69,1683655424.0
70,1683655424.0
71,1683655424.0
72,1683655424.0
73,1683655424.0
74,1683655424.0
75,1683655424.0
76,1683655424.0
77,1683655424.0
78,1683655424.0
79,1683655424.0
80,1683655424.0
81,1683655424.0
82,1683655424.0
83,1683655424.0
84,1683655424.0
85,1683655424.0
86,1683655424.0
87,1683655424.0
88,1683655424.0
89,1683655424.0
90,1683655424.0
91,1683655424.0
92,1683655424.0
93,1683655424.0
94,1683655424.0
95,1683655424.0
96,1683655424.0
97,1683655424.0
98,1683655424.0
99,1683655424.0
100,1683655424.0
101,1683655424.0
102,1683655424.0
103,1683655424.0
104,1683655424.0
105,1683655424.0
106,1683655424.0
107,1683655424.0
108,1683655424.0
109,1683655424.0
110,1683655424.0
111,1683655424.0
112,1683655424.0
113,1683655424.0
114,1683655424.0
115,1683655424.0
116,1683655424.0
117,1683655424.0
118,1683655424.0
119,1683655424.0
120,1683655424.0
121,1683655424.0
122,1683655424.0
123,1683655424.0
124,1683655424.0
125,1683655424.0
126,1683655424.0
127,1683655424.0
128,1683655424.0
129,1683655424.0
130,1683655424.0
131,1683655424.0
132,1683655424.0
133,1683655424.0
134,1683655424.0
135,1683655424.0
136,1683655424.0
137,1683655424.0
138,1683655424.0
139,1683655424.0
140,1683655424.0
141,1683655424.0
142,1683655424.0
143,1683655424.0
144,1683655424.0
145,1683655424.0
146,1683655424.0
147,1683655424.0
148,1683655424.0
149,1683655424.0
150,1683655424.0
151,1683655424.0
152,1683655424.0
153,1683655424.0
154,1683655424.0
155,1683655424.0
156,1683655424.0
157,1683655424.0
158,1683655424.0
159,1683655424.0
160,1683655424.0
161,1683655424.0
162,1683655424.0
163,1683655424.0
164,1683655424.0
165,1683655424.0
166,1683655424.0
167,1683655424.0
168,1683655424.0
169,1683655424.0
170,1683655424.0
171,1683655424.0
172,1683655424.0
173,1683655424.0
174,1683655424.0
175,1683655424.0
176,1683655424.0
177,1683655424.0
178,1683655424.0
179,1683655424.0
180,1683655424.0
181,1683655424.0
182,1683655424.0
183,1683655424.0
184,1683655424.0
185,1683655424.0
186,1683655424.0
187,1683655424.0
188,1683655424.0
189,1683655424.0
190,1683655424.0
191,1683655424.0
192,1683655424.0
193,1683655424.0
194,1683655424.0
195,1683655424.0
196,1683655424.0
197,1683655424.0
198,1683655424.0
199,1683655424.0
200,1683655424.0
201,1683655424.0
202,1683655424.0
203,1683655424.0
204,1683655424.0
205,1683655424.0
206,1683655424.0
207,1683655424.0
208,1683655424.0
209,1683655424.0
210,1683655424.0
211,1683655424.0
212,1683655424.0
213,1683655424.0
214,1683655424.0
215,1683655424.0
216,1683655424.0
217,1683655424.0
218,1683655424.0
219,1683655424.0
220,1683655424.0
221,1683655424.0
222,1683655424.0
223,1683655424.0
224,1683655424.0
225,1683655424.0
226,1683655424.0
227,1683655424.0
228,1683655424.0
229,1683655424.0
230,1683655424.0
231,1683655424.0
232,1683655424.0
233,1683655424.0
234,1683655424.0
235,1683655424.0
236,1683655424.0
237,1683655424.0
238,1683655424.0
239,1683655424.0
240,1683655424.0
241,1683655424.0
242,1683655424.0
243,1683655424.0
244,1683655424.0
245,1683655424.0
246,1683655424.0
247,1683655424.0
248,1683655424.0
249,1683655424.0
250,1683655424.0
251,1683655424.0
252,1683655424.0
253,1683655424.0
254,1683655424.0
255,1683655424.0
256,1683655424.0
257,1683655424.0
258,1683655424.0
259,1683655424.0
260,1683655424.0
261,1683655424.0
262,1683655424.0
263,1683655424.0
264,1683655424.0
265,1683655424.0
266,1683655424.0
267,1683655424.0
268,1683655424.0
269,1683655424.0
270,1683655424.0
271,1683655424.0
272,1683655424.0
273,1683655424.0
274,1683655424.0
275,1683655424.0
276,1683655424.0
277,1683655424.0
278,1683655424.0
279,1683655424.0
280,1683655424.0
281,1683655424.0
282,1683655424.0
283,1683655424.0
284,1683655424.0
285,1683655424.0
286,1683655424.0
287,1683655424.0
288,1683655424.0
289,1683655424.0
290,1683655424.0
291,1683655424.0
292,1683655424.0
293,1683655424.0
294,1683655424.0
295,1683655424.0
296,1683655424.0
297,1683655424.0
298,1683655424.0
299,1683655424.0
300,1683655424.0
301,1683655424.0
302,1683655424.0
303,1683655424.0
304,1683655424.0
305,1683655424.0
306,1683655424.0
307,1683655424.0
308,1683655424.0
309,1683655424.0
310,1683655424.0
311,1683655424.0
312,1683655424.0
313,1683655424.0
314,1683655424.0
315,1683655424.0
316,1683655424.0
317,1683655424.0
318,1683655424.0
319,1683655424.0
320,1683655424.0
321,1683655424.0
322,1683655424.0
323,1683655424.0
324,1683655424.0
325,1683655424.0
326,1683655424.0
327,1683655424.0
328,1683655424.0
329,1683655424.0
330,1683655424.0
331,1683655424.0
332,1683655424.0
333,1683655424.0
334,1683655424.0
335,1683655424.0
336,1683655424.0
337,1683655424.0
338,1683655424.0
339,1683655424.0
340,1683655424.0
341,1683655424.0
342,1683655424.0
343,1683655424.0
344,1683655424.0
345,1683655424.0
346,1683655424.0
347,1683655424.0
348,1683655424.0
349,1683655424.0
350,1683655424.0
351,1683655424.0
352,1683655424.0
353,1683655424.0
354,1683655424.0
355,1683655424.0
356,1683655424.0
357,1683655424.0
358,1683655424.0
359,1683655424.0
360,1683655424.0
361,1683655424.0
362,1683655424.0
363,1683655424.0
364,1683655424.0
365,1683655424.0
366,1683655424.0
367,1683655424.0
368,1683655424.0
369,1683655424.0
370,1683655424.0
371,1683655424.0
372,1683655424.0
373,1683655424.0
374,1683655424.0
375,1683655424.0
376,1683655424.0
377,1683655424.0
378,1683655424.0
379,1683655424.0
380,1683655424.0
381,1683655424.0
382,1683655424.0
383,1683655424.0
384,1683655424.0
385,1683655424.0
386,1683655424.0
387,1683655424.0
388,1683655424.0
389,1683655424.0
390,1683655424.0
391,1683655424.0
392,1683655424.0
393,1683655424.0
394,1683655424.0
395,1683655424.0
396,1683655424.0
397,1683655424.0
398,1683655424.0
399,1683655424.0
400,1683655424.0
401,1683655424.0
402,1683655424.0
403,1683655424.0
404,1683655424.0
405,1683655424.0
406,1683655424.0
407,1683655424.0
408,1683655424.0
409,1683655424.0
410,1683655424.0
411,1683655424.0
412,1683655424.0
413,1683655424.0
414,1683655424.0
415,1683655424.0
416,1683655424.0
417,1683655424.0
418,1683655424.0
419,1683655424.0
420,1683655424.0
421,1683655424.0
422,1683655424.0
423,1683655424.0
424,1683655424.0
425,1683655424.0
426,1683655424.0
427,1683655424.0
428,1683655424.0
429,1683655424.0
430,1683655424.0
431,1683655424.0
432,1683655424.0
433,1683655424.0
434,1683655424.0
435,1683655424.0
436,1683655424.0
437,1683655424.0
438,1683655424.0
439,1683655424.0
440,1683655424.0
441,1683655424.0
442,1683655424.0
443,1683655424.0
444,1683655424.0
445,1683655424.0
446,1683655424.0
447,1683655424.0
448,1683655424.0
449,1683655424.0
450,1683655424.0
451,1683655424.0
452,1683655424.0
453,1683655424.0
454,1683655424.0
455,1683655424.0
456,1683655424.0
457,1683655424.0
458,1683655424.0
459,1683655424.0
460,1683655424.0
461,1683655424.0
462,1683655424.0
463,1683655424.0
464,1683655424.0
465,1683655424.0
466,1683655424.0
467,1683655424.0
468,1683655424.0
469,1683655424.0
470,1683655424.0
471,1683655424.0
472,1683655424.0
473,1683655424.0
474,1683655424.0
475,1683655424.0
476,1683655424.0
477,1683655424.0
478,1683655424.0
479,1683655424.0
480,1683655424.0
481,1683655424.0
482,1683655424.0
483,1683655424.0
484,1683655424.0
485,1683655424.0
486,1683655424.0
487,1683655424.0
488,1683655424.0
489,1683655424.0
490,1683655424.0
491,1683655424.0
492,1683655424.0
493,1683655424.0
494,1683655424.0
495,1683655424.0
496,1683655424.0
497,1683655424.0
498,1683655424.0
499,1683655424.0
500,1683655424.0
501,1683655424.0
502,1683655424.0
503,1683655424.0
504,1683655424.0
505,1683655424.0
506,1683655424.0
507,1683655424.0
508,1683655424.0
509,1683655424.0
510,1683655424.0
511,1683655424.0
512,1683655424.0
513,1683655424.0
514,1683655424.0
515,1683655424.0
516,1683655424.0
517,1683655424.0
518,1683655424.0
519,1683655424.0
520,1683655424.0
521,1683655424.0
522,1683655424.0
523,1683655424.0
524,1683655424.0
525,1683655424.0
526,1683655424.0
527,1683655424.0
528,1683655424.0
529,1683655424.0
530,1683655424.0
531,1683655424.0
532,1683655424.0
533,1683655424.0
534,1683655424.0
535,1683655424.0
536,1683655424.0
537,1683655424.0
538,1683655424.0
539,1683655424.0
540,1683655424.0
541,1683655424.0
542,1683655424.0
543,1683655424.0
544,1683655424.0
545,1683655424.0
546,1683655424.0
547,1683655424.0
548,1683655424.0
549,1683655424.0
550,1683655424.0
551,1683655424.0
552,1683655424.0
553,1683655424.0
554,1683655424.0
555,1683655424.0
556,1683655424.0
557,1683655424.0
558,1683655424.0
559,1683655424.0
560,1683655424.0
561,1683655424.0
562,1683655424.0
563,1683655424.0
564,1683655424.0
565,1683655424.0
566,1683655424.0
567,1683655424.0
568,1683655424.0
569,1683655424.0
570,1683655424.0
571,1683655424.0
572,1683655424.0
573,1683655424.0
574,1683655424.0
575,1683655424.0
576,1683655424.0
577,1683655424.0
578,1683655424.0
579,1683655424.0
580,1683655424.0
581,1683655424.0
582,1683655424.0
583,1683655424.0
584,1683655424.0
585,1683655424.0
586,1683655424.0
587,1683655424.0
588,1683655424.0
589,1683655424.0
590,1683655424.0
591,1683655424.0
592,1683655424.0
593,1683655424.0
594,1683655424.0
595,1683655424.0
596,1683655424.0
597,1683655424.0
598,1683655424.0
599,1683655424.0
600,1683655424.0
601,1683655424.0
602,1683655424.0
603,1683655424.0
604,1683655424.0
605,1683655424.0
606,1683655424.0
607,1683655424.0
608,1683655424.0
609,1683655424.0
610,1683655424.0
611,1683655424.0
612,1683655424.0
613,1683655424.0
614,1683655424.0
615,1683655424.0
616,1683655424.0
617,1683655424.0
618,1683655424.0
619,1683655424.0
620,1683655424.0
621,1683655424.0
622,1683655424.0
623,1683655424.0
624,1683655424.0
625,1683655424.0
626,1683655424.0
627,1683655424.0
628,1683655424.0
629,1683655424.0
630,1683655424.0
631,1683655424.0
632,1683655424.0
633,1683655424.0
634,1683655424.0
635,1683655424.0
636,1683655424.0
637,1683655424.0
638,1683655424.0
639,1683655424.0
640,1683655424.0
641,1683655424.0
642,1683655424.0
643,1683655424.0
644,1683655424.0
645,1683655424.0
646,1683655424.0
647,1683655424.0
648,1683655424.0
649,1683655424.0
650,1683655424.0
651,1683655424.0
652,1683655424.0
653,1683655424.0
654,1683655424.0
655,1683655424.0
656,1683655424.0
657,1683655424.0
658,1683655424.0
659,1683655424.0
660,1683655424.0
661,1683655424.0
662,1683655424.0
663,1683655424.0
664,1683655424.0
665,1683655424.0
666,1683655424.0
667,1683655424.0
668,1683655424.0
669,1683655424.0
670,1683655424.0
671,1683655424.0
672,1683655424.0
673,1683655424.0
674,1683655424.0
675,1683655424.0
676,1683655424.0
677,1683655424.0
678,1683655424.0
679,1683655424.0
680,1683655424.0
681,1683655424.0
682,1683655424.0
683,1683655424.0
684,1683655424.0
685,1683655424.0
686,1683655424.0
687,1683655424.0
688,1683655424.0
689,1683655424.0
690,1683655424.0
691,1683655424.0
692,1683655424.0
693,1683655424.0
694,1683655424.0
695,1683655424.0
696,1683655424.0
697,1683655424.0
698,1683655424.0
699,1683655424.0
700,1683655424.0
701,1683655424.0
702,1683655424.0
703,1683655424.0
704,1683655424.0
705,1683655424.0
706,1683655424.0
707,1683655424.0
708,1683655424.0
709,1683655424.0
710,1683655424.0
711,1683655424.0
712,1683655424.0
713,1683655424.0
714,1683655424.0
715,1683655424.0
716,1683655424.0
717,1683655424.0
718,1683655424.0
719,1683655424.0
720,1683655424.0
721,1683655424.0
722,1683655424.0
723,1683655424.0
724,1683655424.0
725,1683655424.0
726,1683655424.0
727,1683655424.0
728,1683655424.0
729,1683655424.0
730,1683655424.0
731,1683655424.0
732,1683655424.0
733,1683655424.0
734,1683655424.0
735,1683655424.0
736,1683655424.0
737,1683655424.0
738,1683655424.0
739,1683655424.0
740,1683655424.0
741,1683655424.0
742,1683655424.0
743,1683655424.0
744,1683655424.0
745,1683655424.0
746,1683655424.0
747,1683655424.0
748,1683655424.0
749,1683655424.0
750,1683655424.0
751,1683655424.0
752,1683655424.0
753,1683655424.0
754,1683655424.0
755,1683655424.0
756,1683655424.0
757,1683655424.0
758,1683655424.0
759,1683655424.0
760,1683655424.0
761,1683655424.0
762,1683655424.0
763,1683655424.0
764,1683655424.0
765,1683655424.0
766,1683655424.0
767,1683655424.0
768,1683655424.0
769,1683655424.0
770,1683655424.0
771,1683655424.0
772,1683655424.0
773,1683655424.0
774,1683655424.0
775,1683655424.0
776,1683655424.0
777,1683655424.0
778,1683655424.0
779,1683655424.0
780,1683655424.0
781,1683655424.0
782,1683655424.0
783,1683655424.0
784,1683655424.0
785,1683655424.0
786,1683655424.0
787,1683655424.0
788,1683655424.0
789,1683655424.0
790,1683655424.0
791,1683655424.0
792,1683655424.0
793,1683655424.0
794,1683655424.0
795,1683655424.0
796,1683655424.0
797,1683655424.0
798,1683655424.0
799,1683655424.0
800,1683655424.0
801,1683655424.0
802,1683655424.0
803,1683655424.0
804,1683655424.0
805,1683655424.0
806,1683655424.0
807,1683655424.0
808,1683655424.0
809,1683655424.0
810,1683655424.0
811,1683655424.0
812,1683655424.0
813,1683655424.0
814,1683655424.0
815,1683655424.0
816,1683655424.0
817,1683655424.0
818,1683655424.0
819,1683655424.0
820,1683655424.0
821,1683655424.0
822,1683655424.0
823,1683655424.0
824,1683655424.0
825,1683655424.0
826,1683655424.0
827,1683655424.0
828,1683655424.0
829,1683655424.0
830,1683655424.0
831,1683655424.0
832,1683655424.0
833,1683655424.0
834,1683655424.0
835,1683655424.0
836,1683655424.0
837,1683655424.0
838,1683655424.0
839,1683655424.0
840,1683655424.0
841,1683655424.0
842,1683655424.0
843,1683655424.0
844,1683655424.0
845,1683655424.0
846,1683655424.0
847,1683655424.0
848,1683655424.0
849,1683655424.0
850,1683655424.0
851,1683655424.0
852,1683655424.0
853,1683655424.0
854,1683655424.0
855,1683655424.0
856,1683655424.0
857,1683655424.0
858,1683655424.0
859,1683655424.0
860,1683655424.0
861,1683655424.0
862,1683655424.0
863,1683655424.0
864,1683655424.0
865,1683655424.0
866,1683655424.0
867,1683655424.0
868,1683655424.0
869,1683655424.0
870,1683655424.0
871,1683655424.0
872,1683655424.0
873,1683655424.0
874,1683655424.0
875,1683655424.0
876,1683655424.0
877,1683655424.0
878,1683655424.0
879,1683655424.0
880,1683655424.0
881,1683655424.0
882,1683655424.0
883,1683655424.0
884,1683655424.0
885,1683655424.0
886,1683655424.0
887,1683655424.0
888,1683655424.0
889,1683655424.0
890,1683655424.0
891,1683655424.0
892,1683655424.0
893,1683655424.0
894,1683655424.0
895,1683655424.0
896,1683655424.0
897,1683655424.0
898,1683655424.0
899,1683655424.0
900,1683655424.0
901,1683655424.0
902,1683655424.0
903,1683655424.0
904,1683655424.0
905,1683655424.0
906,1683655424.0
907,1683655424.0
908,1683655424.0
909,1683655424.0
910,1683655424.0
911,1683655424.0
912,1683655424.0
913,1683655424.0
914,1683655424.0
915,1683655424.0
916,1683655424.0
917,1683655424.0
918,1683655424.0
919,1683655424.0
920,1683655424.0
921,1683655424.0
922,1683655424.0
923,1683655424.0
924,1683655424.0
925,1683655424.0
926,1683655424.0
927,1683655424.0
928,1683655424.0
929,1683655424.0
930,1683655424.0
931,1683655424.0
932,1683655424.0
933,1683655424.0
934,1683655424.0
935,1683655424.0
936,1683655424.0
937,1683655424.0
938,1683655424.0
939,1683655424.0
940,1683655424.0
941,1683655424.0
942,1683655424.0
943,1683655424.0
944,1683655424.0
945,1683655424.0
946,1683655424.0
947,1683655424.0
948,1683655424.0
949,1683655424.0
950,1683655424.0
951,1683655424.0
952,1683655424.0
953,1683655424.0
954,1683655424.0
955,1683655424.0
956,1683655424.0
957,1683655424.0
958,1683655424.0
959,1683655424.0
960,1683655424.0
961,1683655424.0
962,1683655424.0
963,1683655424.0
964,1683655424.0
965,1683655424.0
966,1683655424.0
967,1683655424.0
968,1683655424.0
969,1683655424.0
970,1683655424.0
971,1683655424.0
972,1683655424.0
973,1683655424.0
974,1683655424.0
975,1683655424.0
976,1683655424.0
977,1683655424.0
978,1683655424.0
979,1683655424.0
980,1683655424.0
981,1683655424.0
982,1683655424.0
983,1683655424.0
984,1683655424.0
985,1683655424.0
986,1683655424.0
987,1683655424.0
988,1683655424.0
989,1683655424.0
990,1683655424.0
991,1683655424.0
992,1683655424.0
993,1683655424.0
994,1683655424.0
995,1683655424.0
996,1683655424.0
997,1683655424.0
998,1683655424.0
999,1683655424.0
1000,1683655424.0
